{
    "sae_dna_feature_index": 16094,
    "sae_pearson_correlation": 0.7545028328895569,
    "mlp_baseline_neuron_index": 1996,
    "mlp_pearson_correlation": 0.4700647952459996
}